{"cameraMode":{"drawMode":0,"name":"Shaded","section":"Shading Mode"},"sceneLighting":false,"audioPlay":false,"sceneViewState":{"showFog":true,"showMaterialUpdate":false,"showSkybox":true,"showFlares":true,"showImageEffects":true,"showParticleSystems":true},"in2DMode":false,"pivot":{"x":-4.950223445892334,"y":-0.5709712505340576,"z":9.169608116149903},"rotation":{"x":-0.08488354086875916,"y":0.13764598965644837,"z":-0.011840404011309147,"w":-0.9867665767669678},"size":15.74880599975586,"orthographic":false}