{"cameraMode":{"drawMode":0,"name":"Shaded","section":"Shading Mode"},"sceneLighting":false,"audioPlay":false,"sceneViewState":{"showFog":true,"showMaterialUpdate":false,"showSkybox":true,"showFlares":true,"showImageEffects":true,"showParticleSystems":true},"in2DMode":false,"pivot":{"x":231.79910278320313,"y":-253.67095947265626,"z":124.31298828125},"rotation":{"x":-0.0692620649933815,"y":0.0050875116139650349,"z":-0.0003518610610626638,"w":-0.9975855350494385},"size":2641.979248046875,"orthographic":false}