{"cameraMode":{"drawMode":0,"name":"Shaded","section":"Shading Mode"},"sceneLighting":false,"audioPlay":false,"sceneViewState":{"showFog":true,"showMaterialUpdate":false,"showSkybox":true,"showFlares":true,"showImageEffects":true,"showParticleSystems":true},"in2DMode":false,"pivot":{"x":-4.743823051452637,"y":-1.9981365203857422,"z":-3.0905895233154299},"rotation":{"x":-0.0020448733121156694,"y":0.9679206013679504,"z":-0.2511238753795624,"w":-0.007900373078882695},"size":22.0,"orthographic":false}