{"cameraMode":{"drawMode":0,"name":"Shaded","section":"Shading Mode"},"sceneLighting":false,"audioPlay":false,"sceneViewState":{"showFog":true,"showMaterialUpdate":false,"showSkybox":true,"showFlares":true,"showImageEffects":true,"showParticleSystems":true},"in2DMode":false,"pivot":{"x":-23.950172424316408,"y":8.286571502685547,"z":42.439998626708987},"rotation":{"x":-0.0034849089570343496,"y":-0.9816370010375977,"z":0.01799750328063965,"w":-0.18987564742565156},"size":28.280338287353517,"orthographic":false}