{"cameraMode":{"drawMode":0,"name":"Shaded","section":"Shading Mode"},"sceneLighting":true,"audioPlay":false,"sceneViewState":{"showFog":true,"showMaterialUpdate":false,"showSkybox":true,"showFlares":true,"showImageEffects":true,"showParticleSystems":true},"in2DMode":false,"pivot":{"x":14.871336936950684,"y":20.091880798339845,"z":31.02113151550293},"rotation":{"x":-0.015374600887298584,"y":0.9581301212310791,"z":-0.28107282519340517,"w":-0.052425697445869449},"size":44.311527252197269,"orthographic":false}