{"cameraMode":{"drawMode":0,"name":"Shaded","section":"Shading Mode"},"sceneLighting":true,"audioPlay":false,"sceneViewState":{"showFog":true,"showMaterialUpdate":false,"showSkybox":true,"showFlares":true,"showImageEffects":true,"showParticleSystems":true},"in2DMode":false,"pivot":{"x":0.2699240744113922,"y":2.4824044704437258,"z":6.8660969734191898},"rotation":{"x":0.19086389243602754,"y":-0.055282387882471088,"z":0.010770830325782299,"w":0.9799994826316834},"size":22.261016845703126,"orthographic":false}