{"cameraMode":{"drawMode":0,"name":"Shaded","section":"Shading Mode"},"sceneLighting":false,"audioPlay":false,"sceneViewState":{"showFog":true,"showMaterialUpdate":false,"showSkybox":true,"showFlares":true,"showImageEffects":true,"showParticleSystems":true},"in2DMode":false,"pivot":{"x":-0.004287362098693848,"y":-0.27060002088546755,"z":2.1887874603271486},"rotation":{"x":0.014327090233564377,"y":-0.9797453284263611,"z":0.18470314145088197,"w":0.07601683586835861},"size":5.674132347106934,"orthographic":false}