{"cameraMode":{"drawMode":0,"name":"Shaded","section":"Shading Mode"},"sceneLighting":true,"audioPlay":false,"sceneViewState":{"showFog":true,"showMaterialUpdate":false,"showSkybox":true,"showFlares":true,"showImageEffects":true,"showParticleSystems":true},"in2DMode":false,"pivot":{"x":33.80002212524414,"y":-212.060302734375,"z":659.2085571289063},"rotation":{"x":-0.19554530084133149,"y":0.0035359878093004228,"z":-0.0007039190386421979,"w":-0.9806880354881287},"size":675.7069091796875,"orthographic":false}