{"cameraMode":{"drawMode":0,"name":"Shaded","section":"Shading Mode"},"sceneLighting":true,"audioPlay":false,"sceneViewState":{"showFog":true,"showMaterialUpdate":false,"showSkybox":true,"showFlares":true,"showImageEffects":true,"showParticleSystems":true},"in2DMode":false,"pivot":{"x":50.70452880859375,"y":-66.63867950439453,"z":197.20462036132813},"rotation":{"x":-0.18363547325134278,"y":-0.03836635500192642,"z":0.007171399425715208,"w":-0.9822192788124085},"size":222.0321807861328,"orthographic":false}