{"cameraMode":{"drawMode":0,"name":"Shaded","section":"Shading Mode"},"sceneLighting":true,"audioPlay":false,"sceneViewState":{"showFog":true,"showMaterialUpdate":false,"showSkybox":true,"showFlares":true,"showImageEffects":true,"showParticleSystems":true},"in2DMode":false,"pivot":{"x":146.556396484375,"y":86.28007507324219,"z":-912.4938354492188},"rotation":{"x":-0.0010509800631552935,"y":0.9989503026008606,"z":0.032658062875270846,"w":0.03210268169641495},"size":1057.1297607421875,"orthographic":false}