{"cameraMode":{"drawMode":0,"name":"Shaded","section":"Shading Mode"},"sceneLighting":true,"audioPlay":false,"sceneViewState":{"showFog":true,"showMaterialUpdate":false,"showSkybox":true,"showFlares":true,"showImageEffects":true,"showParticleSystems":true},"in2DMode":false,"pivot":{"x":914.3314208984375,"y":-548.2251586914063,"z":-734.4507446289063},"rotation":{"x":-0.09366729855537415,"y":-0.8819965124130249,"z":0.19798633456230164,"w":-0.4172649085521698},"size":1304.789794921875,"orthographic":false}