{"cameraMode":{"drawMode":0,"name":"Shaded","section":"Shading Mode"},"sceneLighting":true,"audioPlay":false,"sceneViewState":{"showFog":true,"showMaterialUpdate":false,"showSkybox":true,"showFlares":true,"showImageEffects":true,"showParticleSystems":true},"in2DMode":false,"pivot":{"x":43.8899040222168,"y":-475.4457702636719,"z":-1195.360107421875},"rotation":{"x":-0.0007277923286892474,"y":-0.9824070334434509,"z":0.18671181797981263,"w":-0.0038215764798223974},"size":1405.6005859375,"orthographic":false}