{"cameraMode":{"drawMode":0,"name":"Shaded","section":"Shading Mode"},"sceneLighting":true,"audioPlay":false,"sceneViewState":{"showFog":false,"showMaterialUpdate":false,"showSkybox":false,"showFlares":false,"showImageEffects":false,"showParticleSystems":false},"in2DMode":false,"pivot":{"x":1.2597917318344117,"y":-2.5338363647460939,"z":-6.120616436004639},"rotation":{"x":0.016421610489487649,"y":0.9835504293441773,"z":-0.12339841574430466,"w":0.13088832795619965},"size":5.250954627990723,"orthographic":false}