{"cameraMode":{"drawMode":0,"name":"Shaded","section":"Shading Mode"},"sceneLighting":true,"audioPlay":false,"sceneViewState":{"showFog":true,"showMaterialUpdate":false,"showSkybox":true,"showFlares":true,"showImageEffects":true,"showParticleSystems":true},"in2DMode":false,"pivot":{"x":262.2309875488281,"y":-520.4087524414063,"z":1142.7501220703125},"rotation":{"x":0.24251830577850343,"y":0.10049806535243988,"z":-0.025267310440540315,"w":0.9645965695381165},"size":1187.466064453125,"orthographic":false}